<annotation>
	<folder>Урезанные фотки1</folder>
	<filename>IMG_3702.jpg</filename>
	<path>C:\Users\Даша\OneDrive\Рабочий стол\Фоточки1\Урезанные фотки1\IMG_3702.jpg</path>
	<source>
		<database>Unknown</database>
	</source>
	<size>
		<width>605</width>
		<height>806</height>
		<depth>3</depth>
	</size>
	<segmented>0</segmented>
	<object>
		<name>antenna</name>
		<pose>Unspecified</pose>
		<truncated>0</truncated>
		<difficult>0</difficult>
		<bndbox>
			<xmin>276</xmin>
			<ymin>488</ymin>
			<xmax>309</xmax>
			<ymax>550</ymax>
		</bndbox>
	</object>
	<object>
		<name>antenna</name>
		<pose>Unspecified</pose>
		<truncated>0</truncated>
		<difficult>0</difficult>
		<bndbox>
			<xmin>254</xmin>
			<ymin>543</ymin>
			<xmax>277</xmax>
			<ymax>603</ymax>
		</bndbox>
	</object>
	<object>
		<name>antenna</name>
		<pose>Unspecified</pose>
		<truncated>0</truncated>
		<difficult>0</difficult>
		<bndbox>
			<xmin>357</xmin>
			<ymin>493</ymin>
			<xmax>391</xmax>
			<ymax>544</ymax>
		</bndbox>
	</object>
	<object>
		<name>antenna</name>
		<pose>Unspecified</pose>
		<truncated>0</truncated>
		<difficult>0</difficult>
		<bndbox>
			<xmin>319</xmin>
			<ymin>491</ymin>
			<xmax>340</xmax>
			<ymax>539</ymax>
		</bndbox>
	</object>
</annotation>
