<annotation>
	<folder>Урезанные фотки 2</folder>
	<filename>IMG_3748.JPG</filename>
	<path>C:\Users\Даша\OneDrive\Рабочий стол\Урезанные фотки 2\IMG_3748.JPG</path>
	<source>
		<database>Unknown</database>
	</source>
	<size>
		<width>225</width>
		<height>140</height>
		<depth>3</depth>
	</size>
	<segmented>0</segmented>
	<object>
		<name>antenna</name>
		<pose>Unspecified</pose>
		<truncated>0</truncated>
		<difficult>0</difficult>
		<bndbox>
			<xmin>56</xmin>
			<ymin>25</ymin>
			<xmax>197</xmax>
			<ymax>130</ymax>
		</bndbox>
	</object>
</annotation>
