<annotation>
	<folder>Урезанные фотки 2</folder>
	<filename>IMG_3810.jpg</filename>
	<path>C:\Users\Даша\OneDrive\Рабочий стол\Урезанные фотки 2\IMG_3810.jpg</path>
	<source>
		<database>Unknown</database>
	</source>
	<size>
		<width>605</width>
		<height>806</height>
		<depth>3</depth>
	</size>
	<segmented>0</segmented>
	<object>
		<name>antenna</name>
		<pose>Unspecified</pose>
		<truncated>0</truncated>
		<difficult>0</difficult>
		<bndbox>
			<xmin>281</xmin>
			<ymin>468</ymin>
			<xmax>357</xmax>
			<ymax>658</ymax>
		</bndbox>
	</object>
</annotation>
