<annotation>
	<folder>Урезанные фотки1</folder>
	<filename>IMG_3726.jpg</filename>
	<path>C:\Users\Даша\OneDrive\Рабочий стол\Фоточки1\Урезанные фотки1\IMG_3726.jpg</path>
	<source>
		<database>Unknown</database>
	</source>
	<size>
		<width>605</width>
		<height>806</height>
		<depth>3</depth>
	</size>
	<segmented>0</segmented>
	<object>
		<name>antenna</name>
		<pose>Unspecified</pose>
		<truncated>0</truncated>
		<difficult>0</difficult>
		<bndbox>
			<xmin>303</xmin>
			<ymin>390</ymin>
			<xmax>372</xmax>
			<ymax>485</ymax>
		</bndbox>
	</object>
</annotation>
