<annotation>
	<folder>Урезанные фотки 2</folder>
	<filename>IMG_3779.jpg</filename>
	<path>C:\Users\Даша\OneDrive\Рабочий стол\Урезанные фотки 2\IMG_3779.jpg</path>
	<source>
		<database>Unknown</database>
	</source>
	<size>
		<width>605</width>
		<height>806</height>
		<depth>3</depth>
	</size>
	<segmented>0</segmented>
	<object>
		<name>antenna</name>
		<pose>Unspecified</pose>
		<truncated>0</truncated>
		<difficult>0</difficult>
		<bndbox>
			<xmin>43</xmin>
			<ymin>480</ymin>
			<xmax>116</xmax>
			<ymax>621</ymax>
		</bndbox>
	</object>
	<object>
		<name>antenna</name>
		<pose>Unspecified</pose>
		<truncated>0</truncated>
		<difficult>0</difficult>
		<bndbox>
			<xmin>366</xmin>
			<ymin>422</ymin>
			<xmax>436</xmax>
			<ymax>618</ymax>
		</bndbox>
	</object>
	<object>
		<name>antenna</name>
		<pose>Unspecified</pose>
		<truncated>0</truncated>
		<difficult>0</difficult>
		<bndbox>
			<xmin>461</xmin>
			<ymin>396</ymin>
			<xmax>538</xmax>
			<ymax>564</ymax>
		</bndbox>
	</object>
</annotation>
